Model,Accuracy,Balanced_Accuracy,Precision,Recall,F1-Score,AUC-ROC,PR-AUC
Random Forest,0.9279486002753556,0.6078004661756755,0.8116883116883117,0.2204585537918871,0.34674063800277394,0.9175578435977656,0.5976910939583553
Logistic Regression,0.8366223038090868,0.8243598947116535,0.32346723044397463,0.8095238095238095,0.4622356495468278,0.9054583617676861,0.5767409166128392
Multi-Layer Perceptron,0.9222120238641579,0.7143960543458031,0.5627009646302251,0.46296296296296297,0.5079825834542816,0.8793882699801181,0.5390009476747352
