split,rows,death_rate
train,52292,0.08676279354394553
test,13074,0.0867370353373107
